segmento,numero,name
1,0000,P.M.S.P/SP
1,0001,ABADIA DOURADOS/MG
1,0003,PM ABAETE/MG
1,0004,PM - ABAETETUBA
1,0005,P M ABAIRARA TRIBUTOS MUN
1,0011,PM ABRE CAMPO/MG
1,0022,PM ACOPIARA/CE
1,0023,ACORIZAL/MT
1,0026,PM ACUCENA/MG
1,0027,PREFEITURA ADAMANTINA
1,0028,P M ADELANDIA/GO
1,0032,A INGAZEIRA/PE
1,0039,PM AGRICOLANDIA/CE
1,0047,P.AGUA CLARA/MS
1,0051,P M AGUA FRIA BA
1,0053,MUNICIPIO DE AGUA LIMPA
1,0059,P M AGUAS BELAS/PE
1,0060,AGUAS DA PRATA/SP
1,0062,AGUAS LINDOIA/SP
1,0063,STA BARBARA/SP
1,0069,P M AGUDOS/SP
1,0076,P M AIURUOCA/MG
1,0079,P M ALAGOA GRANDE/PB
1,0084,P ALAGOINHAS/BA
1,0092,P M ALEGRE/ES
1,0093,PM - ALEGRETE
1,0099,P M ALEXANIA/GO
1,0100,PM ALFENAS/MG
1,0108,P M DE ALMADINA/BA
1,0109,P M DE ALMAS/TO
1,0114,P M ALOANDIA/GO
1,0115,P M ALPERCATA/MG
1,0117,P M ALPINOPOLIS/MG
1,0119,P.A.FLORESTA/RO
1,0121,PM ALTAMIRA/PA
1,0127,ALTINOPOLIS/SP
1,0129,ALTO ALEGRE/RR
1,0131,P M ALTO ARAGUAIA/MT
1,0136,P M ALTO PARAISO/RO
1,0144,ALTO TAQUARI/MT
1,0150,P.A.FLORENCE/SP
1,0154,ALVINOPOLIS/MG
1,0155,P M ALVORADA/RS
1,0157,ALVORADA MINAS/MG
1,0160,ALVORADA DOESTE/RO
1,0161,PREFEITURA M ALVORADA SUL
1,0162,P M AMAMBAI/MS
1,0169,AMARGOSA/BA
1,0174,P M AMERICANA/SP
1,0175,P M AMER BRASIL/GO
1,0176,AMERI BRASIL/SP
1,0177,AMERICO CAMPOS/SP
1,0186,PM ANAGE/BA
1,0190,P M ANALANDIA/SP
1,0193,P.ANANINDEUA/PA
1,0194,PREF MUN ANAPOLIS ARRECAD
1,0196,P M ANASTACIO/MS
1,0200,PM ANDARAI/BA
1,0201,P M DE ANDIRA/PR
1,0203,P M ANDRADAS/MG
1,0207,P M ANGATUBA/SP
1,0208,P M ANGELICA/MS
1,0215,P.A.DOS REIS/RJ
1,0220,P M DE ANICUNS/GO
1,0230,ANTONIO CARDOSO/BA
1,0234,PM ANT.GONC./BA
1,0235,P M ANTONIO JOAO/MS
1,0237,ANTONIO OLINTO/PR
1,0239,P M ANTONIO PRADO/MG
1,0243,P.AP.GOIANIA/GO
1,0245,P M AP.TABOADO/MS
1,0252,P M APORA/BA
1,0254,P M APUAREMA/BA
1,0255,P M APUCARANA/PR
1,0259,P AQUIDAUANA/MS
1,0260,P M AQUIRAZ/CE
1,0263,ARRECADA??O PREF.ARACAJU
1,0267,P M ARACATU/BA
1,0268,PM - ARAÇATUBA
1,0269,P M ARACI/BA
1,0270,P M ARACITABA/MG
1,0271,P M DE ARACOIABA/CE
1,0272,ARACOIABA SERRA/SP
1,0273,P M ARACRUZ/ES
1,0277,P M ARAGOIANIA/GO
1,0280,P M ARAGUACU/TO
1,0285,PM ARAGUAPAZ/GO
1,0293,P M ARANDU/SP
1,0294,P M ARANTINA/MG
1,0301,P M ARAPUA/MG
1,0302,P M ARAPUTANGA/MT
1,0305,P M ARARANGUA/SC
1,0306,P.ARARAQUARA/SP
1,0308,P M ARARI/MA
1,0311,P M ARARUAMA/RJ
1,0313,P M ARARUNA/PR
1,0319,P M ARAUCARIA/PR
1,0321,P M ARAXA/MG
1,0323,P M ARCOS/MG
1,0332,PM AREIAS/SP
1,0337,P M ARGIRITA/MG
1,0338,P M ARINOS/MG
1,0339,P M ARIPUANA/MT
1,0340,P M ARIQUEMES/RO
1,0347,P M ARRAIAL/RJ
1,0348,P M ARRAIAS/TO
1,0350,P M ARROIO SAL IPTU
1,0357,P M ARUJA/SP
1,0359,ASCURRA/SC
1,0363,P M ASSIS/SP
1,0371,PM ATALAIA/PR
1,0374,P M ATALEIA/MG
1,0375,P M ATIBAIA/SP
1,0379,AUGUSTO LIMA/MG
1,0383,P M AURELINO LEA/BA
1,0384,P M AURIFLAMA/SP
1,0388,P M A.TOCANTINS/TO
1,0393,P M AVARE/SP
1,0400,P M BABACULANDIA/TO
1,0403,P M BADY BASSITT/SP
1,0413,P M BAIXIO/CE
1,0415,P M BALBINOS/SP
1,0416,P M DE BALDIM/MG
1,0421,PM BALSAS/MA
1,0428,P M BANDEIRANTES/MS
1,0432,P B ANTONINA/SP
1,0433,BARAO COCAIS/MG
1,0436,P BARAO MELGACO/MT
1,0438,P M BARAUNA/RN
1,0440,P M BARBACENA/MG
1,0442,P M BARBOSA/SP
1,0443,P M B FERRAZ/PR
1,0446,PM BARCELOS/AM
1,0447,P M BARIRI/SP
1,0449,RECEB.IMP./TAXAS/TRIBBARR
1,0450,P BARRA ESTIVA/BA
1,0451,BARRA GUABIRABA/PE
1,0459,P M B DO CHAPEU/SP
1,0460,P M B.CHOCA/BA
1,0462,PM - BARRA DO GARÇAS
1,0466,PM - BARRA DO RIBEIRO
1,0467,P M BARRA DO ROCHA/BA
1,0479,P M BARREIRINHA/AM
1,0486,BARRO ALTO/BA
1,0487,PM BARRO DURO/PI
1,0493,P M BARROSO/MG
1,0494,P M BARUERI/SP
1,0496,P BATAGUASSU/MS
1,0497,PM BATAYPORA/MS
1,0500,P PORTO REAL/RJ
1,0502,P M BAURU/SP
1,0505,P M BEBERIBE/CE
1,0507,P M BELA VISTA/MS
1,0508,BELA V DE GOIAS/GO
1,0511,P M DE BELEM/PA
1,0516,B BREJO CRUZ/PB
1,0520,BELO CAMPO/BA
1,0521,P M B.HORIZ./MG
1,0522,BELO JARDIM/PE
1,0523,P BELO MONTE/AL
1,0526,P M BENEDITINOS/PI
1,0528,BENEDITO NOVO/SC
1,0537,PM BERNARDINO CAMPOS/SP
1,0538,BERNARDO SAYAO/TO
1,0539,P M BERTIOGA/SP
1,0541,P.BERTOPOLIS/MG
1,0545,P M BETIM/MG
1,0547,P M BIAS FORTES/MG
1,0552,PM BIRIGUI/SP
1,0556,PM BITURUNA/PR
1,0559,BOA ESPERANCA/MG
1,0561,PM ESP IGUACU/PR
1,0567,P M BOA VISTA/RR
1,0575,P M BOCAINA/SP
1,0577,P M BOCAINA/MG
1,0581,P M DE BODOQUENA/MS
1,0582,P M BOFETE/SP
1,0583,P M BOITUVA/SP
1,0584,PM BOM CONSELHO
1,0590,BOM JD GOIAS/GO
1,0596,P M B.J.LAPA/BA
1,0599,B JESUS SERRA/BA
1,0600,B JESUS AMPARO/MG
1,0602,PM - BOM JESUSUS DO ITABAPOANA
1,0608,PM B PRINCIPIO/RS
1,0612,P M BOM SUCESSO/PB
1,0625,PM DE BONITO/PE
1,0633,P M BOQUIRA/BA
1,0635,P M BORACEIA/SP
1,0643,PREFEITURA MUN BOTELHOS
1,0644,P M BOTUCATU/SP
1,0645,P M BOTUMIRIM/MG
1,0648,BRACO DO NORTE/SC
1,0651,BRAGANCA PTA/SP
1,0655,P M BRAS PIRES/MG
1,0656,P M BRASILANDIA/MS
1,0672,P M BRAUNA/SP
1,0673,P M DE BRAUNAS/MG
1,0674,P M BRAZABRANTES/GO
1,0681,BREJO MAD DEUS/PE
1,0687,P M BREJOES/BA
1,0688,BREJOLANDIA/BA
1,0690,P M BRITANIA/GO
1,0693,P M BROTAS/SP
1,0694,BROTAS MACAUBAS/BA
1,0695,P M BRUMADINHO/MG
1,0696,P M BRUMADO/BA
1,0697,PM DE BRUSQUE/SC
1,0701,P M BUERAREMA/BA
1,0707,BURITI ALEGRE/GO
1,0713,P M BURITIRAMA/BA
1,0714,P M BURITIS/MG
1,0716,P M BURITIZEIRO/MG
1,0721,P M CAATIBA/BA
1,0724,CABECEIRAS/PI
1,0728,P M C.S.AGOST/PE
1,0729,P M CABO FRIO/RJ
1,0732,P M CABREUVA/SP
1,0737,P M C.DO SUL/RS
1,0742,CACHOEIRA ALTA/GO
1,0748,PM - CACHOEIRA DO SUL
1,0750,PM C DOURADA/MG
1,0753,CACH.MACACU/RJ
1,0754,P M CACHOEIRINHA/PE
1,0759,PREFEITURA CACHOEIRO
1,0765,PM CACOAL/RO
1,0766,P M CACONDE/SP
1,0768,P M CACULE/BA
1,0770,PM CAETANOPOLIS/MG
1,0771,P M DE CAETANOS/BA
1,0778,CAFELANDIA/PR
1,0780,P M CAIABU/SP
1,0788,PM CAICO/RN
1,0789,P M CAIEIRAS/SP
1,0790,P M DE CAIRU/BA
1,0793,P M CAJAMAR/SP
1,0796,P M CAJATI/SP
1,0799,P M CAJOBI/SP
1,0809,P M CALDAS BRAND/PB
1,0810,CALDAS NOVAS/GO
1,0813,PM CALIFORNIA/PR
1,0814,P M CALUMBI/PE
1,0815,P M DE CAMACAN/BA
1,0820,PCAMANDUCAIA/MG
1,0821,P M CAMAPUA/MS
1,0822,PM - CAMAQUÃ
1,0823,P M CAMARAGIBE/PE
1,0828,PM CAMBE/PR
1,0837,PM CAMPANARIO/MG
1,0839,P M CAMPESTRE/MG
1,0840,CAMPESTRE GOIAS/GO
1,0843,P M CAM M ALEGRE/SP
1,0846,P M CAMP.VERDE/MG
1,0847,P M CAMPINACU/GO
1,0849,P M CAMPINAS/SP
1,0853,PM CAMPINORTE/GO
1,0858,P M CAMPO BELO/MG
1,0867,CPO.FORMOSO/BA
1,0868,P M CP GRANDE/MS
1,0871,C.LIMPO PTA/SP
1,0875,PM C N RONDONIA/RO
1,0876,CP.N.PARECIS/MT
1,0882,P M CAMPOS JORDA/SP
1,0883,P.GOYTACAZES/RJ
1,0885,PM CAMPOS LINDO/TO
1,0889,P M CAMPOS VERDE/GO
1,0897,PM CANAPOLIS/MG
1,0898,PM CANARANA/BA
1,0901,P M CANAVIEIRAS/BA
1,0903,PM CANDEIAS/MG
1,0911,PMCM IPTU
1,0912,P CAN.RODRIGUES/SP
1,0915,P M CANELA/RS
1,0918,P M DE CANGUCU/RS
1,0921,P M DE CANINDE/CE
1,0923,P M CANITAR/SP
1,0926,P M CANSANCAO/BA
1,0927,P M CANTAGALO/RJ
1,0928,P M CANTAGALO/PR
1,0938,PM - CAPÃO LEÃO
1,0943,CAPELA DO ALTO/SP
1,0945,CAPELA NOVA/MG
1,0947,P M CAPETINGA/MG
1,0949,P M CAPIM GROSSO/BA
1,0952,P M CAPISTRANO/CE
1,0954,P CAPITAO ENEAS/MG
1,0957,CAPITOLIO/MG
1,0958,P M CAPIVARI/SP
1,0964,P CARAGUATATUBA/SP
1,0966,P M CARAIBAS/BA
1,0971,P M CARAPICUIBA/SP
1,0972,P M CARATINGA/MG
1,0974,PREF MUN DE CARAUBAS
1,0976,PREFEITURA M CARAVELAS
1,0977,PM - CARAZINHO
1,0980,P M CARDOSO/SP
1,0981,P M C.MOREIRA/RJ
1,0982,P M CAREACU/MG
1,0983,P M DO CAREIRO/AM
1,0985,PREFEITURA M CARIACICA
1,0990,P M CARIRE/CE
1,0993,PM CARIUS/CE
1,0994,CARLOPOLIS/PR
1,0995,P M C.BARBOSA/RS
1,0998,P M CARMO/RJ
1,0999,CARMO CACHOEIRA/MG
1,1000,P CARMO DA MATA/MG
1,1002,CARMO CAJURU/MG
1,1003,C PARANAIBA/MG
1,1005,CARMO RIO VERDE/GO
1,1009,PM - CARMOPOLIS DE MINAS
1,1021,P M CARVALHOPOLIS/MG
1,1030,P M CASEARA/TO
1,1034,P M CASSIA/MG
1,1036,P M CASSILANDIA/MS
1,1038,P M CASTANHEIRA/MT
1,1039,P CASTANHEIRAS/RO
1,1040,P M CASTELO/ES
1,1043,P M CASTRO/PR
1,1045,P.CATAGUASES/MG
1,1046,P M CATALAO/GO
1,1049,PM -CATANDUVAS
1,1050,P M CATARINA/CE
1,1051,CATAS NORUEGA/MG
1,1053,P M CATIGUA/SP
1,1056,PM AGUA LIMPA/GO
1,1057,P M CATU/BA
1,1059,P M CATURAI/GO
1,1060,P M CATURAMA/BA
1,1061,P M CAUCAIA/CE
1,1063,PM CAXAMBU/MG
1,1065,PM - CAXIAS
1,1066,P.CAXIAS SUL/RS
1,1067,PMCM - ARRECADACAO IPTU
1,1069,PM - CEDRAL
1,1079,PM CENTRALINA/MG
1,1080,P M CEREJEIRAS/RO
1,1082,P.CERQ.CESAR/SP
1,1083,P M CERQUILHO SP
1,1090,PM - CESARIO LANGE
1,1091,P M CEU AZUL/PR
1,1099,CHAPADA NORTE/MG
1,1100,CH.GUIMARAES/MT
1,1101,P M CHAPADAO SUL/MS
1,1107,P M CHAVES/PA
1,1115,PM CD GAUCHA/PR
1,1123,P M CLAUDIA/MT
1,1128,P M COARI/AM
1,1132,P M DE COCOS/BA
1,1135,P M COELHO NETO/MA
1,1140,PM - COLATINA
1,1141,P M COLIDER/MT
1,1146,P M COLMEIA/TO
1,1147,PM COLOMBIA/SP
1,1150,P M COLORADO/PR
1,1152,COLORADO OESTE/RO
1,1155,PM COM GOMES/MG
1,1157,P M COMODORO/MT
1,1163,CONC ALAGOAS/MG
1,1167,P M CONC.ALMEIDA/BA
1,1168,CON.ARAGUAIA/PA
1,1169,PM CONC CANINDE/PI
1,1171,PM CONC COITE TRIBUTOS
1,1173,CON MATO DENTRO/MG
1,1176,P M CONCEICAO/TO
1,1178,P M CONCHAL/SP
1,1179,P M CONCHAS/SP
1,1191,CONGONHAS NORTE/MG
1,1194,CON.LAFAIETE/MG
1,1199,P M CONTAGEM/MG
1,1208,PM - CORDEIROPOLIS
1,1215,P M CORIBE/BA
1,1216,P M CORINTO/MG
1,1218,PM COROACI/MG
1,1220,P M DE COROATA/MA
1,1224,CEL FABRICIANO/MG
1,1233,P M C SAPUCAIA/MS
1,1243,P M CORRENTINA/BA
1,1248,P.CORUMBATAI/SP
1,1249,CORUMBATAI SUL/PR
1,1250,P M CORUMBIARA/RO
1,1253,PM - COSMOPOLIS
1,1254,P M COSMORAMA/SP
1,1256,P M COSTA RICA/MS
1,1257,P M COTEGIPE/BA
1,1260,COUTO MAGALHAES/TO
1,1261,PM COUTO MAG/MG
1,1262,P M COXIM/MS
1,1265,P M DE CRATO/CE
1,1266,PM - CRAVINHOS
1,1268,PM - CRICIUMA
1,1271,P M CRISTAIS/MG
1,1275,P M CRISTALANDIA/PI
1,1277,P.CRISTALINA/GO
1,1280,P M CRISTINA/MG
1,1283,CRISTOPOLIS/BA
1,1284,P M CRIXAS/GO
1,1286,P M CROMINIA/GO
1,1303,PM CUBATAO/SP
1,1309,P M CUMARI/GO
1,1318,P M CURIONOPOLIS/PA
1,1319,P M CURITIBA/PR
1,1320,PM - CURITIBANOS
1,1321,P M CURUIVA/PR
1,1330,PREF MUN CURVELO ARRECAD
1,1335,DARIO MEIRA/BA
1,1338,P M DAVINOPOLIS/MA
1,1339,P M D.MOREIRA/MG
1,1343,P M DENISE/MT
1,1346,P M DESCALVADO/SP
1,1350,DEST ENTRE RIOS/MG
1,1359,P.DIAMANTINA/MG
1,1360,P M DIAMANTINO/MT
1,1362,DIAS D'AVILA/BA
1,1370,PM DIVINESIA/MG
1,1372,DIV.LARANJEIRAS/MG
1,1374,P M DIVINOLANDIA/SP
1,1376,P M DIVINOPOLIS/MG
1,1379,PM DIVISA NOVA/MG
1,1380,PM DOBRADA/SP
1,1381,P M D CORREGOS/SP
1,1382,P M DOIS IRMAOS/RS
1,1384,P M DOIS IRMAOS/TO
1,1387,DOIS VIZINHOS/PR
1,1389,P M DOM AQUINO/MT
1,1391,P DOM CAVATI/MG
1,1392,P M D ELISEU/PA
1,1395,PM D INOCENCIO/PI
1,1396,PM DOM JOAQUIM/MG
1,1401,DOM VICOSO/MG
1,1403,PREF MUN DOMINGOS MARTINS
1,1409,P M VARG ALEGRE/MG
1,1410,DORES GUANHAES/MG
1,1411,DORES INDAIA/MG
1,1413,P M DORES TURVO/MG
1,1416,P M DOURADINA/PR
1,1417,P M DE DOURADO/SP
1,1426,P M DRACENA/SP
1,1430,P M DUERE/TO
1,1437,P M EDEALINA/GO
1,1438,P M EDEIA/GO
1,1440,P M ELDORADO/MS
1,1446,P M E.MEDRADO/BA
1,1449,P M EMBAUBA/SP
1,1450,PM EMBU/SP
1,1451,EMBU GUACU/SP
1,1453,P M ENCANTADO/RS
1,1455,P M ENCANTO/RN
1,1456,ENCRUZILHADA/BA
1,1461,P.ENG.CALDAS/MG
1,1462,ENG COELHO/SP
1,1464,PAULO FRONTIN/RJ
1,1465,P M ENTRE RIOS/BA
1,1466,PM - ENTRE RIOS
1,1467,P M ENTRE RIOS/PR
1,1473,PM - ERECHIM
1,1475,P ERICO CARDOSO/BA
1,1482,P M ESCADA/PE
1,1484,PM - ESMERALDAS
1,1501,PM - ESTACIA VELHA
1,1502,PREF.MUN. ESTEIO IPTU
1,1510,PREFEITURA MUNICIPAL DE ESTRELA DO INDAIÁ MG
1,1547,PREF MUN FEIRA SANTANA
1,1562,PM FERRAZ DE VASCONCELOS
1,1595,PREF MUNIC FORMIGA - IPTU
1,1605,PMF PREFEITURA MUN
1,1612,PM - FOZ DO IGUAÇU
1,1619,PM - FRANCISCO BELTRÃO
1,1625,PREF MUN FRANCO ROCHA-COD
1,1648,GANDU RECEITAS MUNICIPAIS
1,1656,PREF MUNIC GASPAR
1,1682,PM - GOIANESIA
1,1698,PM - GOVERNADOR CELSO RAMOS
1,1703,PREF MUN GOV VALADARES
1,1725,RECEBIMENTO IMPOSTOS
1,1736,PM - GUANAMBI
1,1737,PM - GUANHAES
1,1743,PM - GUAPORE
1,1763,PREF MUN GUARANTA COD BAR
1,1764,PREF MUN DE GUARANTA DO N
1,1765,PM - GUARAPARI
1,1766,PM - GUARAPUAVA
1,1780,PM GUARUJA
1,1782,Prefeitura Convenio 1782
1,1784,PM - GUAXUPE
1,1806,PM - HOLAMBRA
1,1810,MUNICIPIO DE HORTOLANDIA
1,1854,PREFEITURA MUN IBIRAPITAN
1,1859,PREFEITURA MUNIC IBIRITE
1,1868,PREF MUN IBIUNA TRIBUTOS
1,1884,PM - IGARAPE
1,1893,PM - IGREJINHA
1,1903,PM - IJUI
1,1925,MUNICIPIO DE INDAIATUBA
1,1945,PREF MUN DE INHUMAS
1,1949,PM - IPAMERI
1,1953,PREF MUN IPATINGA
1,1954,PM - IPAUSSU
1,1961,PREFEITURA MUN IPIAU
1,1983,RECEB TRIBUTOS MUNICIPAIS 
1,1995,PREF IRATI REC TRIBUTOS
1,1997,PREFEITURA MUN DE IRECE
1,2012,PM - ITABIRA
1,2015,PMI - ARRECADA??O DAM
1,2036,PM - ITAÍ
1,2044,ITAJAI PREFEITURA
1,2048,RECEBIMENTO IPTU E TAXAS
1,2066,ITANHAEM PREFEITURA
1,2079,PM - ITAPECERICA DA SERRA
1,2084,PM - ITAPEMIRIM
1,2094,PREFEITURA MUNIC ITAPIRA
1,2113,Prefeitura Convenio 2113
1,2148,DARM PREFEITURA ITU
1,2152,PREFEITURA MUN ITUIUTABA
1,2153,PM - ITUMBIARA
1,2170,PM - IVOTI
1,2171,PMJG IMPOSTOS E TAXAS
1,2178,PM - JABOTICATUBAS
1,2187,IPTU/ALVARA/ISS/MULTAS
1,2197,PREF MUN. DE JACUTINGA
1,2201,PM - JAGUARAO
1,2210,PREF JAGUAR TRIBUTOS
1,2222,Prefeitura Convenio 2222
1,2248,PM - JARDINOPOLIS
1,2249,PREF MUN JARINU - IPTU
1,2256,PREFEITURA MUNIC DE JAU
1,2285,"PMJM - IPTU, ISSQN E OUTR"
1,2296,PM - RECEBIMENTO IMPOSTOS
1,2313,ARRECADACAO DE TRIBUTOS
1,2314,PREF JUIZ DE FORA
1,2319,PREFEITURA MUNIC JUNDIAI
1,2352,PM - LAJES
1,2378,PREF MUNIC LAGOA STA
1,2386,PM - LAJEADO
1,2394,PREF MUN LAMBARI IPTU
1,2409,PREF MUN LAURO FREITAS
1,2412,RECEBIMENTO IPTU PML
1,2418,PM LEME
1,2420,PMLP IPTU/ISSQN REC GUIAS
1,2431,PREF LIMEIRA REC IMP/TAXA
1,2439,PREFEITURA MUN LINHARES
1,2440,PREF MUN LINS - IPTU
1,2451,PREFEITURA MUNICIPAL DE LOUVEIRA SP
1,2460,PREF MUN L CORREIA/IPTU
1,2470,PREFEITURA MUNICIPAL LUZ
1,2473,PM - MACAE
1,2474,PM - MACAIBA
1,2477,TRIBUTO/RECEITA MUNICIPAL
1,2478,PREFEITURA MUN MACAPARANA
1,2485,PREFEITURA MUN MACEIO
1,2498,PREF MUNIC MAFRA IPTU
1,2506,Prefeitura Convenio 2506
1,2516,RECEBIMENTO IPTU
1,2524,ARRECADA??O PREF. MANAUS
1,2547,RECEBIMENTO DE TRIBUTOS
1,2551,PREFEITURA M MARACAJU
1,2553,PREF. MUNIC. DE MARACANAU
1,2566,PM - MARCELANDIA
1,2573,PM - MARECHAL CANDIDO RONDON
1,2581,PREF MUNIC DE MARIANA
1,2587,PREFEITURA M DE MARICA
1,2592,PM MARILIA
1,2594,PREF MUN MARINGA
1,2622,P M MATELANDIA IPTU
1,2624,PREFEITURA MUNICIPAL DE M
1,2641,PM - MATUPA
1,2707,PM MIRASSOL
1,2714,ARRECADACAO 2017
1,2719,PREF.MUN.MOGI DAS CRUZES
1,2753,P M MONTE CARMELO (MG)
1,2759,Prefeitura Convenio 2759
1,2767,PM - MONTENEGRO
1,2769,PREF MUN MONTES CLAROS
1,2794,PM - MOSSORO
1,2804,PREFEITURA DE MUCURI
1,2833,PREF. MUNICIPAL DE NATAL
1,2857,PM - NILOPOLIS
1,2863,PMN - IPTU/ISS
1,2890,ARECADACAO-PM NOVA CANAA
1,2911,PM NOVA IGUACU
1,2917,PREF MUNICIPAL NOVA LIMA
1,2922,PM - NOVA ODESSA
1,2931,PM - NOVA PETROPOLIS
1,2934,PM - NOVA PRATA DO IGUAÇU
1,2943,PREF MUNIC NS-RECEBIMENTO
1,3011,PMO
1,3013,PM - OSORIO
1,3020,PM OURINHOS
1,3026,PM - OURO FINO
1,3027,PREF MUN OURO PRETO
1,3044,PREF MUN PE BERNARDO-IPTU
1,3063,PM - PALMARES
1,3066,PREFEITURA MUN DE PALMAS
1,3073,PREFEITURA M P INDIOS
1,3090,PM - PANAMBI
1,3098,PREF MUNIC DE PARA MINAS
1,3100,PM - PARACATU
1,3104,PREF MUN PARAGUACU PAULIS
1,3106,IPTU PREF PARAIBA DO SUL
1,3130,PM - PARANAVAI
1,3132,PM - PARAOPEBA
1,3134,PM PARATY
1,3137,PREF MUN PARAUAPEBAS
1,3138,PM - PARAUNA
1,3141,PM PARELHAS - ARRECADACAO
1,3150,ARRECADACAO IPTU
1,3165,PREFEITURA DE PASSOS
1,3169,Prefeitura Convenio 3169
1,3171,PM - PATOS DE MINAS
1,3173,PREF MUNIC PATROCINIO
1,3180,PREF M PAUDALHO/IPTU
1,3187,PM Paulista-PE
1,3224,IPTU PREF MUN PEDREIRA
1,3236,PM - PEDRO LEOPOLDO
1,3245,PM PELOTAS-IMPOSTOS/TAXAS
1,3256,PREFEITURA MUINICIPAL DE PERDIGÃO MG
1,3271,PREFEITURA MUN PETROLINA
1,3273,PREF MUN PETROPOLIS
1,3327,P M PIRACICABA - TRIBUTOS
1,3348,PREFEITURA M. PIRAQUARA
1,3380,PM POA
1,3393,PM - POCONE
1,3394,PREF MUN POCOS DE CALDAS
1,3400,PM - POMERODE
1,3405,PREF MUNIC PONTA GROSSA
1,3407,PREF MUNICIPAL DE PONTAL
1,3408,PREF MUN PONTAL PARANA
1,3415,PREF MUN PONTE NOVA
1,3427,PM - PORTAO
1,3433,PREF MUN DE PORTO ALEGRE
1,3439,PREF MUNIC PORTO CALVO AL
1,3466,PREF MUN POUSO ALEGRE
1,3475,PREF P GDE IMPOSTOS TAXAS
1,3476,PREFEITURA MUNICIPAL
1,3504,PM PRESIDENTE PRUDENTE
1,3508,PREF MUN P VENCESLAU
1,3547,PREF MUN DE QUIRINOPOLIS
1,3569,PREFEITURA DA CIDADE DO R
1,3587,PM - RESENDE
1,3588,PREF MUN R COSTA
1,3622,PREF MUN RIB BONITO IPTU
1,3627,P.M. RIBEIR?O DAS NEVES
1,3646,PREF. MUNIC. RBCO - PMRB
1,3653,P M RIO CLARO IPTU
1,3659,PM Rio de Janeiro
1,3685,PMRP - ARRECAD TRIBUTOS
1,3693,PREF MUNICIPAL RIO VERDE
1,3708,RECEB. IMP.TAXAS MUNIC
1,3709,PM - ROLANTE
1,3738,PREF. MUN. SABARA
1,3766,PREF MUN SALTINHO - COD B
1,3767,PREFEITURA DE SALTO IPTU
1,3776,SEC MUNIC FAZENDA - SSA
1,3786,TRIBUTOS MUNICIPAIS
1,3787,PREF MUN SANTA ALBERTINA
1,3791,Prefeitura Convenio 3791
1,3803,PREF MUN S C CABRALIA/BA
1,3809,Pref. Sta Cruz Cap
1,3836,PM - SANTA IZABEL DO OESTE
1,3846,PM - SANTA LUZIA
1,3853,MUNICIPIO DE SANTA MARIA
1,3859,PREFEITURA MUNICIPAL DE SANTA MARIA DE JETIBA-SP
1,3948,PM - PLATINA
1,3995,PREF MUN S.B.CAMPO
1,4003,PM SAO CAETANO DO SUL
1,4012,PM - SÃO DOMINGOS
1,4021,RECEBIMENTOS TRIBUTOS
1,4051,PREF.MUN.  SAO DE GONCALO
1,4054,PMSGA ARRECADACAO
1,4063,PM - SÃO JERONIMO
1,4086,PM - SÃO JOÃO DEL REI
1,4125,PREF MUN S J MIPIBU IPTU
1,4158,PREF S JOSE DOS CAMPOS
1,4160,PREF. MUN. S. J. PINHAIS
1,4164,PREF MUNIC SAO LEOPOLDO
1,4185,PM - SÃO MARTINHO
1,4186,PM - SÃO MATEUS
1,4215,PM São Pedro da Aldeia
1,4229,PM - SÃO ROQUE
1,4238,PM - SÃO SEBASTIÃO DO CAÍ
1,4261,PM SAO VICENTE COD BARRAS
1,4262,PM - SÃO VICENTE DE MINAS
1,4272,PREF MUN SAPUCAIA DO SUL
1,4295,PREF MUN SENADOR CANEDO
1,4307,PM - SENGES
1,4318,PREF MUN SERRA ES
1,4319,PREFEITURA MUNICIPAL DE SERRA ALTA SC
1,4342,PREF MUN DE SERRINHA
1,4349,SERTANIA PREFEITURA
1,4355,PREF SETE LAGOAS TRIBUTOS
1,4393,REC IMPOSTO TAXAS MUNICIA
1,4404,PREFEITURA MUN SOROCABA
1,4414,PM - SUMARE
1,4417,PMS
1,4418,PM SUZANO
1,4424,PM TABOAO DA SERRA
1,4451,PM - TANGARÁ
1,4470,PREF MUN TAQUARA IPTU
1,4489,PM TATUI
1,4491,PM - TAUBATE
1,4497,PM - TEIXEIRA DE FREITAS
1,4502,IMPOSTOS/TAXAS MUNICIPAIS
1,4510,PM - TEOFILO OTONI
1,4514,TRIB MUNICIPAIS TERESINA
1,4531,PM - TIBAU DO SUL
1,4532,PREF.MUNICIPAL DE TIETE
1,4539,MUNICIPIO DE TIMBO
1,4543,RECEB. IMPOSTOS/TAXAS MUN
1,4549,PREF MUN TOCATINS IPTU
1,4551,PREF MUNICIPAL TOLEDO
1,4572,PREF.MUN.T.CACH-IPTU
1,4573,PREF MUNIC TRES CORACOES
1,4577,PREF MUN DE TRES LAGOAS
1,4629,PREFEITURA MUNICIPAL UAUA
1,4630,PREFEITURA MUNICIPAL DE UBA MG
1,4637,PM UBATUBA
1,4639,PREF MUNICIPAL UBERLANDIA
1,4646,P M UMARIZAL TRIBUTOS
1,4652,PM - UMUARAMA
1,4654,PREFEITURA UNAI
1,4688,PREFEITURA MUNIC VALENCA
1,4692,PM VALINHOS
1,4695,PREFEITURA MUNICIPAL DE VARGEÃO SC
1,4701,PREFEITURA MUN VARGINHA
1,4717,P.VARZEA PTA/SP
1,4724,TRIBUTOS MUNICIPAIS VNI
1,4728,PM - VERA CRUZ
1,4730,P M VERA CRUZ/BA
1,4731,P M VERA CRUZ/SP
1,4733,P M VERANOPOLIS/RS
1,4739,P M VESPASIANO/MG
1,4741,P M VIAMAO/RS
1,4742,PMV ARRECADA??O TRIBUTOS
1,4748,P M VICENTINOPO./GO
1,4750,PM VICOSA/MG
1,4752,PREFEITURA M VICOSA CEARA
1,4755,PREF MUNICIPAL VIDEIRA SC
1,4756,P M VIEIRAS/MG
1,4760,P M VLA BS TRINDADE/MT
1,4767,PREFEITURA MUN VILA VELHA
1,4768,PREFEITURA MUNICIPAL DE V
1,4769,P M VINHEDO/SP
1,4776,P M VISC.RIO BCO/MG
1,4779,P M TAMANDARE/PE
1,4784,P M VITORIA/ES
1,4785,P M V.CONQ.-BA
1,4787,P M V.MEARIM/MA
1,4791,VOLTA REDONDA/RJ
1,4794,P M WAGNER/BA
1,4795,P M WANDERLANDIA/TO
1,4797,P M FRANCA/SP
1,4804,P M XAPURI/AC
1,4805,P M DE CHAVANTES/SP
1,4809,P M XIQUE-XIQUE/BA
1,4812,P M ILHA COMPRIDA/SP
1,4813,P M S FCO ITABAPOAN/RJ
1,4814,P COCALZINHO/GO
1,4815,P M MACUCO/RJ
1,4817,PM STANA PARAISO/MG
1,4818,P M ARAPORA/MG
1,4820,PM PIMENTEIRAS/RO
1,4823,P M CRISOLITA/MG
1,4824,FREI LAGONEGRO/MG
1,4826,PM - MARATAIZES
1,4828,P M APERIBE/RJ
1,4829,R.DAS OSTRAS/RJ
1,4830,LEVY GASPARIAN/RJ
1,4831,P M AREAL/RJ
1,4833,P M IGUABA GDE/RJ
1,4837,PM CATUJI/MG
1,4838,PM CORREGO F/MG
1,4839,P M DOM BOSCO/MG
1,4840,P M MARTINS SOAR/MG
1,4842,P M PEDRA BONITA/MG
1,4846,S JOAQUIM BICAS/ MG
1,4847,P M TANGUA/RJ
1,4849,P M A.BUZIOS/RJ
1,4853,P.GUAPIMIRIM/RJ
1,4855,P M M.CAMPOS/MG
1,4860,P M SARZEDO/MG
1,4861,PM VEREDINHA/MG
1,4864,P M NOVO GAMA/GO
1,4865,P CID OCIDENTAL/GO
1,4866,VAL.DE GOIAS/GO
1,4867,P M AGUAS LINDAS/GO
1,4870,S.SEB.PASSE/BA
1,4871,P M CONFINS/MG
1,4872,P M LUISBURGO/MG
1,4873,P M ENTRE FOLHAS/MG
1,4879,P M ANGELANDIA/MG
1,4881,P M BONITO MINAS/MG
1,4886,P M CAPITAO ANDRADE/MG
1,4887,P M CARNEIRINHO/MG
1,4888,P M CATUTI/MG
1,4890,CONEGO MARINHO/MG
1,4892,P M CUPARAQUE/MG
1,4893,P M CURRAL DENTRO/MG
1,4894,P M DIV.ALEGRE/MG
1,4896,PM DURANDE/MG
1,4898,P M FRANCISCOPOLIS/MG
1,4900,PM GAMELEIRAS/MG
1,4904,P M GUARACIAMA/MG
1,4907,P M IMBE MINAS/MG
1,4909,PM IPABA/MG
1,4912,P M JAPONVAR/MG
1,4914,P M JOSE RAYDAN/MG
1,4917,P M DE LAGOA GDE/MG
1,4918,P M LIMEIRA OEST/MG
1,4920,P M LUISLANDIA/MG
1,4922,P M MATA VERDE/MG
1,4924,P M MONTE FORMOSO/MG
1,4926,P M NAQUE/MG
1,4927,PM NATALANDIA/MG
1,4928,P M NINHEIRA/MG
1,4930,P M N. PORTEIRINHA/MG
1,4933,PM ORATORIOS/MG
1,4935,P M PE CARVALHO/MG
1,4936,P M PAI PEDRO/MG
1,4939,P M PEDRAS MARIA/MG
1,4940,P M PERIQUITO/MG
1,4944,P M BERNARDES/MG
1,4949,P M VALE REAL/RS
1,4954,P M S.FELIX MINAS/MG
1,4955,SGERALDO BAIXIO/MG
1,4956,P M S JOAO LAGOA/MG
1,4957,S JOAO MISSOE/MG
1,4961,PM - SÃO JOÃO DA BARRA
1,4962,P M S.SEBASTIAO V.A/MG
1,4963,P M SEM PEIXE/MG
1,4964,P M SENAD AMARAL/MG
1,4965,P M SERRANOPOLIS/MG
1,4966,P M SETUBINHA/MG
1,4968,P M TOCOS D MOJI/MG
1,4971,P M URUANA/MG
1,4972,P M DE URUCUIA/MG
1,4974,VARG GD R PARDO/MG
1,4977,PM VERMELHO NOV/MG
1,4978,PM MARITUBA/PA
1,4979,P M FORTIM/CE
1,4989,RODRIGUES ALVES/AC
1,4991,CAMPESTRE/AL
1,5003,LUIS E.MAGALHAES/BA
1,5004,LIV.DE N.SRA/BA
1,5006,P M COARACI/BA
1,5011,LAGEDO TABOCAL/BA
1,5030,P M ABADIA GOIAS/GO
1,5031,ALTO HORIZONTE/GO
1,5032,P M AMARALINA/GO
1,5033,P M AP RIO DOCE/GO
1,5034,P M BONOPOLIS/GO
1,5035,BURITI DE GOIAS/GO
1,5037,P.CALDAZINHA/GO
1,5038,PM CASTELANDIA/GO
1,5042,LAGOA SANTA/GO
1,5046,P M JESUPOLIS/GO
1,5047,PM MONTIVIDIU NORTE/GO
1,5049,P M PORTEIRAO/GO
1,5050,P M PROF JAMIL/GO
1,5076,CAMPESTRE/MA
1,5093,P M ITINGA/MA
1,5106,P M N O MARANHAO/MA
1,5112,PRES MEDICI/MA
1,5137,P M V N MARTIRIO/MA
1,5139,CATAS ALTAS/MG
1,5143,PM FIGUEIRAO/MS
1,5153,ALCINOPOLIS/MS
1,5156,PM JAPORA/MS
1,5158,P M N ALVORADA/MS
1,5159,P M N HORIZONTE/MS
1,5160,ALTO BOA VISTA/MT
1,5168,P M GLORIA OESTE/MT
1,5169,P M LAMBARI D'OESTE/MT
1,5173,P M NOVA MARILANDIA/MT
1,5176,P M NOVA UBIRATA/MT
1,5178,P M PLANALTO SERRA/MT
1,5179,P M PONTAL ARAGUAIA/MT
1,5181,PM QUERENCIA/MT
1,5184,P M SANTO AFONSO/MT
1,5193,PM AURORA DO PARA/PA
1,5195,P M BELTERRA/PA
1,5212,P M PAU D'ARCO/PA
1,5217,PM STA LUZIA PARA/PA
1,5222,P M TERRA ALTA/PA
1,5250,P M CARNAUBEIRA/PE
1,5254,P M JUCATI/PE
1,5258,P M MANARI/PE
1,5338,P M BOA V S ROQUE/PR
1,5347,P M FER PINHEIRO/PR
1,5349,PM GOIOXIM/PR
1,5350,P M GUAMIRANGA/PR
1,5355,PM MARQUINHO/PR
1,5369,P M S MONOEL PARANA/PR
1,5377,P M  S JOSE UBA/RJ
1,5394,P M ALTO A PARECIS/RO
1,5395,P M BURITIS/RO
1,5396,P M CHUPINGUAIA/RO
1,5397,P M CUJUBIM/RO
1,5403,FELIPE D'OESTE/RO
1,5404,S.FRANC.GUAPORE/RO
1,5405,P TEIXEIROPOLIS/RO
1,5416,PM - ARAMBARE
1,5471,P M LINDOLFO COLLOR/RS
1,5479,P M MARQUES SOUZA/RS
1,5484,P M M BELO SUL/RS
1,5487,PREF MUNIC MR - IPTU
1,5503,P M PICADA CAFE/RS
1,5553,P M B BARRA SUL/SC
1,5554,P M BAL GAIVOTAS/SC
1,5574,PREFEITURA MUNICIAPL DE ENTRE RIOS SC
1,5608,PM SANGAO/SC
1,5636,P M IPIGUA/SP
1,5637,P M ITAPIRAPUA PTA/SP
1,5638,P M LOURDES/SP
1,5648,P M PAULISTANIA/SP
1,5654,P M S LOURENCO SERRA/SP
1,5656,P M TORRE DE PEDRA/SP
1,5657,PM TRABIJU/SP
1,5662,P M ARAGUANA/TO
1,5665,PM CARRASCO BONITO/TO
1,5674,P M LAJ TOCANTINS/TO
1,5677,PM - BALNEÁRIO RINCÃO
1,5686,P M SAO SALVADOR/TO
1,5692,P M NOVA NAZARE/MT
1,5701,PMSP/SP
1,5715,P M BOA SAUDE/RN
1,5889,P.M.S.P./SP
1,5892,P M STA HELENA/MT
1,5896,P M STO ANDRE/SP
1,5922,PM IPIRANGA/GO
1,6217,P M BATATAIS/SP
2,0001,AGESPISA S/A
2,0002,CAEMA
2,0004,CAER
2,0005,CAERD/RO
2,0006,CAERN/RN
2,0007,CAESA
2,0008,CAESB
2,0009,CAGECE
2,0010,CAGEPA/PB
2,0012,CASAL/AL
2,0013,CASAN/SC
2,0014,CEDAE
2,0015,CESAMA
2,0016,CESAN
2,0017,CODAU
2,0018,COMPESA/PE
2,0019,COPASA
2,0021,COSAMA
2,0022,COSANPA
2,0023,SUPERINT AGUA ESGOTO
2,0024,DAAE ARARAQUARA
2,0026,DAAE RIO CLARO
2,0027,DAE AMERICANA
2,0029,DAE BAURU/SP
2,0031,DAE JUNDIAI
2,0032,DAE MARILIA
2,0033,DAE STA BARBARA
2,0034,DEPTO AGUA ESGOTO S LVTO
2,0035,DAE S.CAETANO S
2,0037,DAEV
2,0038,DAEB - TAXAS
2,0039,DAEMO/SP
2,0040,DAERP
2,0041,DESO/SE
2,0042,DMAE MG
2,0043,DMAE RS
2,0044,DMAE/MG
2,0046,EMASA ITABUNA
2,0047,EMBASA/BA
2,0050,SAAE A.LINDOIA
2,0051,SAAE AMPARO SP
2,0052,SAAE DE ARACRUZ
2,0053,SAAE ATIBAIA
2,0055,SAAE B BONITA
2,0056,SAAE BARRETOS
2,0058,SAAEMB BURITAMA
2,0059,BRK AMBIENTAL/ES
2,0060,SAAE CACOAL RO
2,0061,SAAE CAND MOTA
2,0062,SAAE CAPIVARI
2,0065,SAAE COSTA RICA/MS
2,0066,SAE EXTREMOZ RN
2,0068,SAAE GARCA
2,0069,SAAE GUARULHOS
2,0070,SAAEG
2,0071,SAAE INDAIATUBA/SP
2,0072,SAAE ITAPIRA/SP
2,0074,S.ITUIUTABA/MG
2,0075,SAAEJ JABOTIC.
2,0076,SAAE JACAREI
2,0077,S.L.PAULISTA/SP
2,0079,S.LINHARES/ES
2,0081,SAAE MOGI MIRIM/SP
2,0082,SAAE NOVA MUTUM/MT
2,0085,SAAE DE PASSOS/MG
2,0086,SANEP
2,0087,SAAE PROMISSAO/SP
2,0089,SAAE SAO CARLOS/SP
2,0091,SAAE SOROCABA
2,0092,TAQUARITINGA/SP
2,0093,SAAE UNAI/MG
2,0094,SAAE VICOSA
2,0095,SAAE V. REDONDA/RJ
2,0097,SABESP
2,0098,SAECIL LEME/SP
2,0099,SAEMA/SP
2,0101,SAMAE JARAGUA S
2,0102,SAMAE M GUACU
2,0103,SAAE TIETE SP
2,0105,SANASA
2,0106,SANEAGO
2,0107,SANEATINS/TO
2,0108,SANEMAT
2,0109,SANEPAR/PR
2,0110,SANESUL
2,0111,SEMAE M.CRUZES
2,0112,S.S.LEOPOLDO/RS
2,0113,SEMASA
2,0114,SIMAEJOACABA/SC
2,0115,SAE OURINHOS
2,0116,SAEV/SP
2,0118,SAMAE BLUMENAU
2,0119,SAMAE BRUSQUE/SC
2,0120,SAMAE SB SUL/SC
2,0121,SEMAE PIRACIC.
2,0122,SANED
2,0124,BRK LIMEIRA
2,0126,SAEP
2,0129,SAAE ALAGOINHAS
2,0131,SAAE
2,0134,S.ITAPETINGA/BA
2,0135,S.JUAZEIRO/BA
2,0136,SAAE PALMARES/PE
2,0139,SAAE-SERV AUTON AGUA ESGO
2,0140,SAAE ORLEANS/SC
2,0141,SAMAE URUSSANGA
2,0142,SAMAE COCAL/SC
2,0143,SAMAE GRAO PARA/SC
2,0144,SAO LUDGERO/SC
2,0146,JACINTO MACHADO
2,0147,STA ROSA DO SUL
2,0148,SAMAE SC
2,0149,SAMAE CNOVOS/SC
2,0150,SAMAE - GOVERNADOR CELSO RAMOS
2,0151,A/E NOVA TRENTO
2,0153,S.R.NEGRINHO/SC
2,0154,SIMAE / SC
2,0156,SAAE BARRA MANSA
2,0157,SANEBAVI/SP
2,0158,SAMAE/SC
2,0159,S.POMERODE/SC
2,0160,SAAE P.FELIZ
2,0161,SANECAB
2,0164,SAAE AXIXA/TO
2,0178,SAAE L R VERDE/MT
2,0180,SAAE P DA SERRA
2,0184,SAAE B TRAICAO/PB
2,0186,Saae - Cupissura C
2,0197,SAAE CASA NOVA/BA
2,0199,SAAE CATU/BA
2,0201,SAAE CORRENTINA
2,0205,SAAE FEIRA MATA/BA
2,0209,SAAE ITAJUIPE
2,0222,SITIO DO MATO
2,0225,S XIQUE XIQUE
2,0227,SAAE BACABAL MA
2,0228,SAAE BALSAS/MA
2,0230,SAAE CAXIAS/MA
2,0233,SAAE ESTREITO/MA
2,0236,SAAE NOVA OLINDA/MA
2,0238,SAAE PASTOS/MA
2,0248,SAAE CAMOCIM/CE
2,0252,SAAE ICAPUI/CE
2,0253,SAAE IGUATU/CE
2,0262,SAAE MORADA NOV
2,0269,SAAE SOBRAL
2,0274,SAAE C MARANHAO/MA
2,0277,SAAE S J SOTER
2,0279,SAE A.DOESTE/RO
2,0285,SAAECCER/SP
2,0286,PARANAGUA SANEA
2,0291,PREFEITURA MUNICIPAL DE Z
2,0292,SAAEB/SP
2,0297,SAAE VILHENA/RO
2,0304,SEMAE SJR PRETO
2,0305,SAAE-SAO MATEUS
2,0307,SAE DE SALTO
2,0311,DEMAE C.NOVAS/GO
2,0312,SAAE ALEGRE/ES
2,0313,DAE AM. BRASIL.
2,0314,SAAE S.LOURENCO/MG
2,0315,SAAE IBITINGA
2,0318,SAAE GVALADARES
2,0319,CODEN
2,0320,AGUAS IMPERADOR/RJ
2,0322,A.JUTURNAIBA/RJ
2,0325,SAAE ABADIANIA/GO
2,0326,SAAE CORUMBA/GO
2,0327,SAAE FAINA/GO
2,0330,SEMASA CARANGOL
2,0333,Saneamento Convenio 0333
2,0334,SAAE SERV AUT AGUA ESGOTO 0334
2,0336,SAAE MANHUACU
2,0337,SAMAE CX.SUL/RS
2,0338,SAAE SACRAMENTO
2,0341,SANEAR
2,0343,CASTANHEIRAS/MT
2,0348,SAAE DE PIUMHI
2,0349,DAE PATROCINIO
2,0352,SAAE B ESPERANC/MG
2,0353,SAAE MACHADO/MG
2,0354,TRES PONTAS/MG
2,0355,SAAE ITAUNA/MG
2,0357,S.TIJUCAS/SC
2,0358,SAE SINOP/MT
2,0361,SAAE ITABIRITO
2,0362,SAAE GUANHAES
2,0363,SAAE ICONHA ES
2,0364,SAAE NEPOMUCENO/MG
2,0366,SAE OLIVEIRA/MG
2,0368,DAE JACIARA/MT
2,0370,PROLAGOS
2,0372,SAAE BOCAIUVA/MG
2,0374,S BANDEIRANTE/MS
2,0376,SAAE CORGUINHO
2,0377,SAAE JARAGUARI/MS
2,0378,DEMASR
2,0379,SAO GABRIEL/MS
2,0380,DMAES
2,0382,DAE V. GRANDE
2,0383,SAAE SERTANOPOLIS/PR
2,0384,PM DE QUATIS/RJ
2,0385,PM ORATORIOS MG
2,0389,SAAE CAETE/MG
2,0390,SAERB/AC
2,0391,AGUAS D PARAIBA/RJ
2,0394,DAMAE SJDREI/MG
2,0395,SAAE CEARA-MIRIM
2,0399,SAAE CAMBUI/MG
2,0400,BURITIZEIRO/MG
2,0402,DAE TUPACIGUARA/MG
2,0406,SAAE PRIMAVERA/RO
2,0408,DAE PARAISO/SP
2,0411,SAAE BREJINHO/RN
2,0412,S MAXARANGUAPE/RN
2,0415,SAAE SANTA CRUZ/RN
2,0416,SAAE S AMARANTE
2,0418,DAE - DEPTO AGUA E ESGOTO
2,0419,SAAE BANANAL
2,0420,SAAE ABRE CAMPO
2,0422,AG.MIRASSOL/SP
2,0425,LOUVEIRA AE/SP
2,0427,S.PIRAPORA/MG
2,0429,SAEC CATANDUVA
2,0430,LAGOA FORMOSA/MG
2,0436,SAMAE/SC
2,0438,SAAE JAMPRUCA/MG
2,0440,MAL. CANDIDO RONDON/PR
2,0442,SESAM/MG
2,0443,RECEB CONCES AGUA/ESGOTO
2,0445,SERVICO E AGUA E ESGOTO
2,0446,CAENF/RJ
2,0448,SAAE PIMENTA/MG
2,0449,SAMAE TSERRA/MT
2,0451,PM NOVA OLIMPIA/MT
2,0463,DAE B.J.PERDOES
2,0467,SANEAR ES
2,0469,SAAE GUAPE
2,0470,SAAE S MIGUEL
2,0473,SAAE LAMBARI/MG
2,0474,DEAS
2,0476,SAAE ITAMBACURI
2,0477,MANAUS AMB.
2,0478,SAAE ITABIRA MG
2,0479,AGUAS NITEROI
2,0480,SAAE LASSANCE/MG
2,0483,DEMAE BARBACENA/MG
2,0488,SAAEC DE CRATO/CE
2,0493,SAAE ITACOATIAR
2,0494,SAAE MAUES/AM
2,0495,SAAE URUCARA AM
2,0498,SAAE PARINTINS
2,0499,S.PRES.FIGUE/AM
2,0500,PM GAV PEIXOTO
2,0504,STA FE SUL SP
2,0505,DAEV/SP
2,0506,SAEP/SP
2,0508,EMDAEP
2,0513,DMAAE O.FINO/MG
2,0516,SAAE ANGRA REIS
2,0520,PM DENISE MT
2,0522,DMAEG/MT
2,0524,SAAE PEDREIRA
2,0525,SAE BATATAIS/SP
2,0527,AGUAS SORRISO
2,0532,SAO J.R.PARDO/SP
2,0533,S.ARARANGUA/SC
2,0534,AGUAS GUARIROBA
2,0536,CONCESS AGUAS DE JUARA
2,0540,SAAE ITAGUAÇU/ES
2,0544,SAAE COCOS/BA
2,0548,SAAE B.PRETO/BA
2,0550,SAAE JOAO NEIVA
2,0554,AG PEIXOTO AZEV
2,0557,SAE BARCELOS AM
2,0558,SAAE B V RAMOS
2,0559,SAAE UATUMA/AM
2,0578,SAAE S.ISABEL
2,0586,DAE TOME ACU PA
2,0590,SAAE BOCA MATA
2,0595,SAAE AL
2,0597,SAAE PENEDO AL
2,0598,SAAE PORTO REAL
2,0606,S.COSMORAMA/SP
2,0607,SAAE IBIRACU ES
2,0609,SAAE MARILANDIA/ES
2,0610,SAAE MIMOSO SUL/ES
2,0611,SAAE SOORETAMA/ES
2,0614,A PONTES LACERD/MT
2,0615,SAG GUARACAI/SP
2,0618,SAAE GONZAGA/MG
2,0620,DAE GUAPIACU/SP
2,0621,DAE B.BUGRES/MT
2,0622,SANESSOL S/A
2,0626,PM COSMOPOLIS DAE
2,0627,DOM AQUINO MT
2,0629,PM POXOREU MT
2,0630,S ANT LEVERGER
2,0631,DAE N SRA LIVRA
2,0632,CPO PARECIS/MT
2,0639,PONTAL ARAGUAIA/MT
2,0642,SAE MORRO AGUDO
2,0643,PM ITAPURA/SP
2,0644,JARI CELUL./PA
2,0647,DAE CERQ. CESAR
2,0652,CAESI/MA
2,0653,PM CASTILHO/SP
2,0655,DAEP/MT
2,0660,DAE PINDORAMA
2,0661,SAE BROTAS
2,0662,PM T NOVA NORTE/MT
2,0664,AG GUARANTA/MT
2,0667,DSM-ATAQUARI/MT
2,0668,SERV AGUAS BARC
2,0670,GUAPIMIRIM L/RJ
2,0671,DAE-SJQ MARCOS
2,0673,SAAE CH.GUIM/MT
2,0676,MANACAPURU
2,0677,DAE COMODORO/MT
2,0682,SAAE SAO SIMAO
2,0684,ALTO PARAGUAI
2,0685,DAEPARANAITA/MT
2,0689,SAAE RECEBIMENTO DE GUIAS
2,0690,PM PANORAMA SP
2,0691,PITANGUEIRAS/SP
2,0693,SAAE LAJINHA MG
2,0694,SAAE NOVA BRASI/ MT
2,0695,SAAE PIRAJUI
2,0698,DAE ITIRAPINA
2,0699,DAE GUAIRA/SP
2,0701,DAES JUINA/MT
2,0703,PM ALTO ARAGUAI
2,0704,SAAE PENAPOLIS
2,0707,AGUAS DE MATUPA
2,0708,SAE URUPES/SP
2,0709,PM RANCHARIA/SP
2,0710,SAE CATALAO/GO
2,0712,SAAEI
2,0714,SAAE LINDERBERG
2,0715,AGUAS ST CARMEM
2,0716,SAE STO AFONSO/MT
2,0717,PMSFA DAE
2,0718,PM AGUA BOA/MT
2,0721,PM IPAUSSU/SP
2,0723,P JAGUARIUNA/SP
2,0725,SAMOTRACIA/MG
2,0731,NOVA UBIRATA
2,0732,AGUAS CPO VERDE
2,0738,DAE S.J.R.CLARO/MT
2,0739,SAEMAS/SP
2,0746,SAAE P BARRETO
2,0762,AGUAS PRIMAVERA
2,0765,PM DE RINCAO/SP
2,0766,SANELIDER/MT
2,0767,PM ARIPUANA
2,0768,SANECAP/MT
2,0769,PM ITANHANDU/MG
2,0771,SAAE APARECIDA
2,0772,DMAE VICENTI/GO
2,0775,PM PIRACEMA
2,0780,D.CORUMBATAI/SP
2,0782,OURILANDIA N/PA
2,0785,AG NORTELANDIA
2,0787,SAAE TEFE/AM
2,0789,DAE JURUENA/MT
2,0790,SAEEC
2,0791,SAMAE/SC
2,0792,NEVES PAULISTA/SP
2,0793,SAAE PARAISOPOL/MG
2,0796,DAE STA HELENA/MT
2,0798,CORSAN/RS
2,0801,AG UNIAO DO SUL
2,0802,A.A.FLORESTA/MT
2,0807,SAAE POMPEIA/SP
2,0812,PREF MUN CEDRAL-DAE COD B
2,0815,DAE PARISI/SP
2,0816,SAMAE TIMBO/SC
2,0819,PM OURO VERDE/SP
2,0822,V BELA S TRIND/MT
2,0824,PM MONTE ALEGRE
2,0834,PM SANTA ADELIA
2,0835,AGUAS MONTE A.P
2,0843,SEMASA LAGES/SC
2,0845,SEMASA ITAJAI/SC
2,0846,DAE P.REAL/RJ
2,0849,PM DESCALVADO/SP
2,0853,SAAE R.P.EVA/AM
2,0855,SAEE - TOMBOS
2,0859,SAE RINOPOLIS
2,0866,SAAE TREVISO SC
2,0867,SAEM QUERENCIA
2,0868,SAAE ANAJATUBA
2,0870,AG MARCELANDIA
2,0878,DEDIAC
2,0883,SAAE CRUZEIRO
2,0887,SAN PEDRA PRETA
2,0888,PM PANAMA/GO
2,0900,AGUAS CARLINDA
2,0907,DEMAERIO QUENTE
2,0908,AGUAS DE VERA
2,0909,PM N ARIPUANA
2,0910,AGUASITAPEMA/SC
2,0911,SANEFRAI SC
2,0915,COHASB AM
2,0918,SAAESP/SP
2,0919,S.CRAVINHOS/SP
2,0921,PM STO A POSSE
2,0926,EJW/SC
2,0927,JOINVILE A-E/SC
2,0928,SOUZA LTDA/SP
2,0929,S.B.JANGADA/MS
2,0930,NATURAGUA MT
2,0931,ASA
2,0933,SAAE DE IPANEMA MG
2,0934,SAAE ARARENDA
2,0936,SAAE FORMOSA MA
2,0937,PM LAVINIA SP
2,0944,SAAE PACO LUMIA
2,0945,SAAE MINEIROS
2,0950,PM CONCHAL
2,0958,SAAE SCRISTOVAO/SE
2,0961,JOINVILE A-E/SC
2,0966,PM CAIUA SP
2,0968,PM IPEUNA SP
2,0969,FMS F M SANEAME
2,0984,DORES GUANHAES
2,0986,SISAM
2,0990,CAE ACORIZAL
2,0993,DAE - NAVEGANTES
2,0995,DMAAT TEUTONIA
2,0997,P BARAO MELGACO
2,0999,SASB
2,1001,DAESC
2,1002,SAEMA MARIALVA
2,1003,SAMAE PAPANDUVA
2,1005,DMAE ARAPORA/MG
2,1007,AMAE CM
2,1008,JULIO MESQUITA
2,1011,PORTO INDIVIDUA
2,1012,SAEMI
2,1014,GLORIA D OESTE
2,1017,SA MENDONCA/SP
2,1023,DAE - TAPURAH
2,1025,PM TABATINGA/SP
2,1027,EMASA/SC
2,1033,PM ARAPUTANGA
2,1040,ITAUBA MT DAE
2,1044,SAAEI/SP
2,1056,TOCOS MOJI AGUA
2,1058,A. SCHROEDER/SC
2,1064,JARDINOPOLIS/SP
2,1072,SAEMBA
2,1073,PM FONTE BOA AM
2,1075,CARMO CAJURU
2,1076,SAAE SANTA TERE
2,1079,CACHOEIRA DOURA
2,1080,SAMAE SOMBRIO
2,1082,CONISA-RN
2,1085,PM GUARAMIRIM
2,1086,SAAE IRANDUBA
2,1094,SEMAE CAJOBI SP
2,1097,DAE CASSILANDIA
2,1098,PM PALHOCA
2,1099,PM LUISBURGO MG
2,1100,CORSAN RS
2,1102,SAAE RIB LARGO
2,1103,AGUAS DE COMODO
2,1105,AGUAS DE ITU
2,1106,AGUAS N.PROG.
2,1108,AGUASJAGUARIUNA
2,1109,AGUAS M TIETE
2,1111,SAMAE JUSSARA
2,1113,AG.AGUL.NEGRAS
2,1115,SAV
2,1116,COPANOR MG
2,1119,ESAP PALESTINA
2,1120,CORREGO FUNDO
2,1128,COMUSA RS
2,1132,SAE J.BONIFACIO
2,1137,PM BELTERRA
2,1138,AGUAS DE POCONE
2,1139,SAAEDOCO SP
2,1145,ÁGUAS DE SÃO JOSE
2,1146,PM M A DE MINAS
2,1149,LITORAL SANEAMENTO JAGUARUNA SC
2,1152,PM DE DOM BOSCO
2,1153,SMAE MG
2,1160,CAESC DE COARI
2,1164,SAMAE
2,1167,PM STA GERTRUDE
2,1175,SANEPAR PA
2,1183,PITANGUEIRAS
2,1184,SEMAISCANELINHA
2,1185,NOVA MARILANDIA
2,1186,PM CACONDE SP
2,1187,CAMPO ALEGRE
2,1194,SISAR CE
2,1195,SAAE ACAILANDIA
2,1198,PM DE MANICORE
2,1199,PM QUATIPURU PA
2,1200,PM GEN CARNEIRO
2,1202,DEST ENTRE RIOS
2,1207,FOZ JAGUARIBE
2,1217,A DE ARACOIABA
2,1219,AGUA PREFEITURA MUNICIPAL CHAPECO SC
2,1223,PEDRA BRANCA LT
2,1224,SAAE - MANHUMIRIM
2,1225,PM DE APIACAS
2,1229,SAAE TEOTONIO VILELA AL
2,1231,SEMAE OURO PRET
2,1236,SAATE
2,1241,SAMAE ANTONINA
2,1246,SISAR CE
2,1247,SISAR CE
2,1248,SISAR CE
2,1249,SISAR
2,1250,SISAR ITAPIPOCA
2,1251,Sisar BME
2,1252,SISAR JAGUARIBE
2,1253,AGUAS PIQUETE
2,1254,SAAE JORGE IVAI
2,1255,SAMAE ABATIA
2,1261,SAAE JEQUIA
2,1262,BAL GAIVOTA SC
2,1263,BRK AMB STA GER
2,1264,MAIRINQUE
2,1267,MASSARANDUBA
2,1269,SALTO GRANDE SP
2,1270,AGUAS DE ANDRAD
2,1271,PM COLORADO PR
2,1272,AGUAS GUARA SP
2,1278,SAMASA
2,1280,AGUAS CASTILHO
2,1281,CAPIVARI BAIXO
2,1283,PM S CRUZ CONCE
2,1292,CEDAE FIDC RJ
2,1293,CEDAE TESOURO
2,1295,AGUAS  PALHOCA
2,1298,SAAEP SP
2,1300,SAAE LUZ MG
2,1302,DATEMA SP
2,1304,ODEBRECHT
2,1310,BRK AMB URUGUAI
2,1314,SAAE IBITURUNA
2,1316,SAAE PEDREIRA
2,1318,BRK AMB P FERRE
2,1319,HIDROMAR LTDA
2,1320,SAEP PA
2,1324,SISAM SP
2,1329,CAB CUIABA MT
2,1330,TUBARAO SAN SA
2,1333,FAB CEDAE
2,1334,PM GARUVA SC
2,1335,AG VOTORANTIM
2,1336,AGUAS JAURU MT
2,1337,S GABRIEL SAN
2,1338,SAN RURAL PIAUI
2,1340,VIDA BRASIL SP
2,1341,ATS
2,1345,SAMAR
2,1346,BRK AMBIENTAL
2,1347,ITAPOA SAN LTDA
2,1349,BRK AMB MACAE S
2,1351,CASAL AL
2,1356,SAAE ROSARIO MA
2,1358,AGUAS PORTO ESP
2,1359,SAMAE - BALNEÁRIO RINCÃO
2,1362,SIGEFREDO
2,1365,SAEMA MARIALVA
2,1372,SEMAE
2,1377,ÁGUAS DE CORUPA
2,1378,DALZISA ME SC
2,1379,FOZ GOIAS GO
2,1380,ÁGUAS DE IVOTI
2,1381,PM ALTO GARCAS
2,1382,AERG PI
2,1385,SAAE CORDEIROP
2,1387,AGUAS DE MATAO
2,1389,SAAE SOLEDADE
2,1391,SAMAE CANYONS
2,1393,AG.S.FRANCISCO
2,1398,PM IMBITUBA SC
2,1400,PM TRABIJU SP
2,1402,AGUAS DE PARATY
2,1404,SAAE A ALEGRE
2,1406,ASSOC PQ PETROP
2,1407,A DIAMANTINO MT
2,1413,AGUAS B GARCAS
2,1417,CICAB MA
2,1420,PM CHUPINGUAIA
2,1422,AGUAS DE SINOP
2,1423,AGUAS DE JAHU
2,1424,PM PAU D'ARCO
2,1426,AGUAS S.FRANCIS
2,1429,BRK AMB MARANHA
2,1431,PM ITAJOBI SP
2,1432,A/E PARANATINGA
2,1436,BRK SUMARE
2,1437,SAERP
2,1441,PM J.RAMALHO SP
2,1442,AGUAS PARA MG
2,1443,AGUAS DE TIMON
2,1446,AGUAS BURITIS
2,1447,SANESALTO
2,1452,PM MARTINOPOLIS
2,1456,CAEPA
2,1462,AGUAS HOLAMBRA
2,1466,SPE LTDA
2,1473,AGUAS CAMBORIU
2,1474,A PIMENTA BUENO
2,1475,CASAL
2,1476,AGUAS PANTANAL
2,1480,SAAE G EDISON L
2,1482,JAGUARUNA SAN
2,1484,COMASA
2,1488,CASAL
2,1491,AG ROLIM MOURA
2,1492,AGUAS SANTIAGO
2,1493,AGUAS ARIQUEMES
2,1494,EPPO SP
2,1495,SETAE XAVANTINA
2,1496,SETAE NSJOAQUIM
2,1498,PM ENTRE RIOS
2,1499,AGUAS BOMBINHAS
2,1506,AG S SEB GRAMA
2,1508,Saneamento Convenio 1508
2,1515,SAAE CARMESIA
2,1517,PREFEITURA DE ENTRE RIOS - SANEAMENTO - SC
2,1519,P M SAO JAOQUIM AGUA
2,1520,CIA ITUANA SAN
2,1528,AGUAS REPART PA
2,1531,PREFEITURA MUNICIPAL DE SERRA ALTA - SANEA - SC
2,1534,SAAE CAFELANDIA
2,1535,AGUAS TERESINA
2,1536,PM PIRANGI SP
2,1538,SAAE SEVERINIA
2,1550,EMBASA BA
2,1551,EMBASA
2,1554,PM CANITAR SP
2,1565,SAAE DR SEVERIA
2,1577,PM AMERICO CAMP
2,1582,AGUAS CASA BRAN
2,1600,GAIVOTA SANEAM
2,1603,PM SERRANA
2,1615,PM DE TAMBAU
2,1619,BRK AMBIENTAL
2,1626,SABESP GUARULHO
2,1641,AGUAS STO ANTON
2,1647,AGUAS GERBI SP
2,2499,SAE S.LAGOAS/MG
2,3742,SANESC GO
2,3847,BRK AMBIENTAL M
2,4526,DAET/MT
2,4642,SAE UCHOA/SP
2,6262,SABESP GUARULHOS
3,0001,CAIUA
3,0002,CEA/AP
3,0003,EQUATORIAL AL
3,0004,CEAM/AM
3,0005,CEB
3,0006,CEEE-D
3,0007,ENERGISA BORBOR
3,0009,CELG
3,0010,CELPA
3,0011,CELPE/PE
3,0012,ENERGISA TO
3,0013,CEMAR
3,0014,ENERGISA MT
3,0015,CEMIG
3,0016,ENERGISA N.FRIB
3,0017,CEPISA
3,0018,CERIPA
3,0019,AMPLA/RJ
3,0020,CERON RO
3,0022,ELEKTRO
3,0023,CHESP CERES/GO
3,0024,ENERGISA MINAS
3,0025,CFLO/PR
3,0026,CLFM/SP
3,0027,CLFSC
3,0028,CNEE(GRPO REDE)
3,0029,COCEL
3,0030,COELBA/BA
3,0031,COELCE
3,0036,CERTAJA
3,0037,COPEL
3,0038,COSERN/RN
3,0039,CPEE/SP
3,0040,C.P.F.L.
3,0041,DMED
3,0042,EEB(GRUPO REDE)
3,0043,V.PARANAPANEMA
3,0044,ELF S.MARIA/ES
3,0045,ELETROACRE AC
3,0046,ELETROCAR/RS
3,0047,AMAZONAS ENERG
3,0048,ELETROPAULO
3,0049,ENERGISA SERGIP
3,0050,ENERGISA MS
3,0051,ESCELSA S/A
3,0052,CJE/SP
3,0053,LIGHT
3,0054,ENERGISA PARAIB
3,0055,CSPE/SP
3,0056,CEG DISTRIBUIDO
3,0057,COMGAS
3,0060,CERT
3,0061,CERMM
3,0065,CERMISSÕES
3,0066,HIDROPAN
3,0067,DEMEI IJUI/RS
3,0068,IGUACU ENERGIA
3,0072,CERMC SP
3,0073,BANDEIRANTE
3,0074,COPERALIANCA/SC
3,0075,BOA VISTA
3,0076,COOPERZEM SC
3,0077,COMPAGAS
3,0078,CERGAL SC
3,0079,CERPALO
3,0080,CERMESO
3,0081,CERMOFUL
3,0082,CEREJ SC
3,0084,COOPERMILA
3,0085,COORSEL SC
3,0086,RGE SUL
3,0087,"MUXFELDT,MARIN"
3,0089,RGE
3,0090,SULGIPE SE
3,0091,CERGRAL/SC
3,0092,CERILUZ RS
3,0093,ENERGISA TO
3,0094,CRELUZ
3,0095,FORQUILHINHA/SC
3,0097,COPERNORTE
3,0098,JARI CELULOSE
3,0099,UHENPAL
3,0100,CEG RESENDE
3,0101,COPREL ENERGIA
3,0102,CERSUL/SC
3,0103,COOP.LUDGERO/SC
3,0104,CERBEMS
3,0106,EFLUL/SC
3,0109,CERIS
3,0110,CIA PIRATININGA
3,0111,COPEL
3,0116,GAS NATURAL
3,0119,CERVAM
3,0121,CELETRO - RS
3,0123,GBD S.A
3,0125,CERRP/SP
3,0127,BAHIAGAS BA
3,0132,CERBRANORTE
3,0134,CERTREL
3,0135,COOPERSUL RS
3,0137,ULTRAGAZ/SP
3,0138,CEMIG/MG
3,0139,CEMIG/MG
3,0145,ENERGISA MINAS
3,0146,ENERGISA N FRIB
3,0147,ENERGISA BORBOR
3,0148,ENERGISA SERGIP
3,0149,ENERGISA PARAIB
3,0154,ENERGISA MT
3,0155,CAIUA
3,0156,COOPERCOCAL
3,0157,CERGAPA
3,0159,ENERGISA MT
3,0160,CELPA
3,0162,CELESC/SC
3,0167,EMP FORCA E LUZ
3,0170,ALGAS
3,0172,CERFOX LUZ
3,0173,ENERGISA TO
3,0178,LIQUIGAS
3,0179,CERTEL RS
3,0181,COODESAM SC
3,0182,BRASILGAS
3,0183,CERSAD
3,0185,CETRIL
3,0192,SUPERGASBRAS
3,0197,MINASGAS
3,0199,ENERGISA MS
3,0211,ELET PARAIBUNA
3,0212,GASMIG
3,0215,CERNHE SP
3,0216,CEDRI
3,0221,CONSIGAZ SP
3,0222,PROPANGAS LTDA
3,0223,GASBALL SP
4,0002,C.R.T
4,0004,ALGAR TEL-FI/MG
4,0005,CTMR
4,0006,EMBRATEL
4,0007,SERCOMTEL
4,0008,TELEMAR - RO
4,0009,TELEMAR - AM
4,0011,TELEACRE
4,0012,TELEMAR - AP
4,0014,TELEBRASILIA
4,0015,TELEMAR - CE
4,0016,TELEGOIAS
4,0017,TELEMAT
4,0019,TELEMS
4,0020,TELEPAR
4,0022,TELEMAR - PI
4,0023,TELEMAR - SE
4,0024,TELEMAR
4,0025,TELEMAR - RN
4,0026,TELERON
4,0027,TELESC S/A
4,0030,TELEMAR - MA
4,0034,TIM CELULAR CE
4,0035,TIM CELULAR
4,0037,TIM CELULAR PI
4,0040,TIM CELULAR RN
4,0041,GRUPO VIVO/BA
4,0042,VIVO
4,0043,TIM CELULAR PB
4,0044,GRUPO VIVO/GO
4,0046,TIM CELULAR PE
4,0047,GRUPO VIVO/DF
4,0048,GRUPO VIVO/RJ
4,0049,GRUPO VIVO/MS
4,0050,TELAIMA CEL
4,0051,TELEMAZON CEL
4,0052,TIM CELULAR AL
4,0053,GRUPO VIVO/AC
4,0054,TELEAMAPA C.
4,0055,GRUPO VIVO/MT
4,0056,TIM SUL - PR
4,0057,TELEPARA CELULA
4,0058,GRUPO VIVO/RO
4,0059,TIM SUL - SC
4,0060,GRUPO VIVO/ES
4,0061,TELMA CELULAR
4,0062,TIM SUL-PELOTAS
4,0064,VIVO PART CEL
4,0066,ALGAR CEL PO/MG
4,0067,CLARO INT1
4,0069,GRUPO VIVOPR/SC
4,0071,CLARO FIXO S.A
4,0072,GRUPO VIVO/PA
4,0073,VIVO/AM
4,0074,GRUPO VIVO/MA
4,0075,GRUPO VIVO/RR
4,0076,GRUPO VIVO/AP
4,0077,TIM S.A.
4,0078,CLARO FIXO SP
4,0079,GRUPO VIVO/RS
4,0080,GRUPO VIVO/SP
4,0081,GRUPO VIVO/TO
4,0082,GVT
4,0083,ENGEVOX TEL./MG
4,0084,TELEFONICA BRAS
4,0089,NEXTEL SP
4,0106,COPEL
4,0107,TCO IP/DF
4,0108,TMAIS S.A./SP
4,0109,TIM S/A
4,0110,TIM CEL.CSUL/RS
4,0112,NORTELPA/PA
4,0113,OI/RJ
4,0114,IDT BRASIL
4,0118,TELEMAR NORTE LESTE S/A - SP
4,0120,TRANSIT TELECOM
4,0125,CLARO FIXO SPC
4,0126,CLARO FIXO SA C
4,0134,CPNET PROVEDOR DE SERVIÇOS DE INTERNET LTDA - SC
4,0140,TPA TELECOMUNICAÇÕES LTDA
4,0144,TBONET SERVIÇOS DE INFORMATICA E COMUNICAÇÕES L
4,0149,TELECOM/ACRE
4,0150,TELECOM/DF
4,0151,TELECOM/GO
4,0152,TELECOM/MT
4,0153,TELECOM/MS
4,0154,TELECOM/PR
4,0155,TELECOM/RS
4,0156,TELECOM/RO
4,0157,TELECOM/SC
4,0158,CLARO RJ / ES
4,0159,CLARO SP DDD 12
4,0160,CLARO CO DDD 61
4,0161,CLARO RS
4,0162,CLARO MOVEL
4,0163,CLARO PR / SC
4,0164,TELECOM/TO
4,0165,CLARO BA/SE/MG
4,0166,PEGASUS S/A
4,0194,TNL PCS S/A AC
4,0200,TNL PCS S/A DF.
4,0202,TNL PCS S/A GO
4,0204,TNL PCS S/A MG
4,0205,TNL PCS S/A MS
4,0206,TNL PCS S/A MT
4,0211,TNL PCS S/A PR.
4,0214,TNL PCS S/A RO
4,0216,TNL PCS S/A RS.
4,0217,TNL PCS S/A SC
4,0219,TNL PCS S/A
4,0220,TNL PCS S/A TO.
4,0221,CLARO NE DDD 81
4,0222,NET CURITIBA
4,0224,NET POA HORIZONTE
4,0235,NET URUGUAIANA - RS
4,0270,BTC PELOTAS/RS
4,0274,EPSILON  SP
4,0275,SIDYS LTDA
4,0280,COPREL GERACAO
4,0281,FONAR/PE
4,0284,ALGAR M D NE MG
4,0285,S TECNOLOGIA/MG
4,0286,TELECOMDADOS
4,0290,GRUPO VIVO PB
4,0291,GRUPO VIVO AL
4,0292,GRUPO VIVO PE
4,0293,GRUPO VIVO CE
4,0294,GRUPO VIVO PI
4,0295,GRUPO VIVO RN
4,0296,NET SERVICOS
4,0297,CLARO NO DDD 91
4,0305,CLARO TV
4,0313,OI BRT
4,0369,OI TV TNL PCS
4,0379,SKY BRASIL SP
4,0396,SIMTERNET
4,0397,ALIANCA TELECOM
4,0402,PORTO SEGURO
4,0405,COPREL RS
4,0416,TUBARON RS
4,0419,CPNET COMERCIO E SERVIÇOS DE TELECOMUNICAÇÕES L
4,0423,QNET TELECOM ME
4,0427,ON TELECOM/SP
4,0430,HUGHES TELECOM
4,0437,ULTRAWAVE SP
4,0440,ZAP BL TELECOMUNICAÇÕES LTDA ME
4,0446,PERSIS INTERNET
4,0464,ALGAR SOLUCOES
4,0466,YAHSAT
4,0469,VALENET
4,0470,VOCE TELECOM AP
4,0478,SMART LTDA
4,1029,TELEFONICA
41,,Banco Estado RS
41,0000,SAAE - SALTO
5,0001,GOVERNO DO ACRE
5,0002,SEFAZ/AL
5,0003,SEFAZ/AP
5,0004,SEFAZ/AM
5,0005,SEFAZ/BA
5,0006,SEFAZ/CE
5,0007,SEFAZ/ES
5,0008,SEFAZ/GO
5,0009,SEFAZ-DF
5,0010,SEFAZ/MA
5,0012,SEFAZ/MS
5,0016,DETRAN PR
5,0017,SEFAZ
5,0018,SEFAZ/PI
5,0022,SEFAZ/RO
5,0023,SEFAZ/RR
5,0024,SEFAZ/SC
5,0025,SEFAZ/SP
5,0027,SEFAZ/TO
5,0051,GARE ICMS/SP
5,0052,SEFAZ/SP
5,0053,SEFAZ/SP
5,0060,SEFAZ/MG
5,0061,IPVA/MG
5,0062,IPVA/MG
5,0063,IPVA/MG
5,0064,DARF
5,0065,DETRAN MT - MULTAS
5,0069,DETRAN PB ARRECADACAO
5,0070,DETRAN-ACRE - TAXAS/MULTA
5,0074,GADE-E/RS
5,0075,SEFAZ - AC - GNRE
5,0077,GNRE/AP
5,0078,GNRE/AM
5,0079,SEFAZ/BA
5,0081,GNRE ES
5,0083,GNRE/DF
5,0085,GNRE MT.GROSSO
5,0086,GNRE/MS
5,0087,GNRE/MG
5,0089,GNRE PARAIBA
5,0090,GNRE/PR
5,0092,SEFAZ/PI
5,0093,GNRE/RJ
5,0094,SEFAZ/RN
5,0096,GNRE RONDONIA
5,0097,GNRE/RR
5,0098,GNRE/SC
5,0099,GNRE/SP
5,0103,SEFAZ
5,0104,DETRAN/PE
5,0106,TAXAS RENACH
5,0107,FGTS
5,0114,GRRJ/AC
5,0115,SEFAZ/MG
5,0117,SEFAZ/MT
5,0119,SEFAZ/RR
5,0123,SEFAZ-MT
5,0124,SEFAZ/PE
5,0125,SEFAZ PI-IPVA
5,0126,DETRAN/PI
5,0130,IPVA BA
5,0134,SEFAZ/PE
5,0135,SEFAZ PE ICMS
5,0138,SEFAZ/PA
5,0139,SEFAZ/PA
5,0140,SEFAZ/PA
5,0141,DAE /BA
5,0142,SEFAZ/BA
5,0151,DAS MEI - MICRO EMPREED INDIVIDUAL
5,0153,DARF
5,0154,DARF
5,0160,SEFAZ/BA
5,0162,DETRAN/MS
5,0165,SECRET FAZEN/MG
5,0169,ARRECADACAO INST.MEIO AMB
5,0170,AFEAM/AM
5,0173,SEFAZ/TO
5,0174,SEFAZ/TO
5,0175,SEFAZ/TO
5,0176,SEFAZ/TO
5,0177,DETRAN RORAIMA
5,0178,GRDE
5,0179,GFIP
5,0180,GFIP
5,0181,FGTS
5,0183,DETRAN BA - IPVA ONLINE
5,0185,DARE/SP
5,0186,GOV-PB SEFIN ICMS DEMAIS
5,0191,SEFAZ/PE
5,0192,SEFAZ/PE
5,0193,SEFAZ PE
5,0194,SEFAZ PE C EXTE
5,0195,SEFAZ/PE
5,0197,SEC TRIBUTACAO ESTADO RN
5,0198,DETRAN RN
5,0201,GOV-PB - OUTROS TRIBUTOS
5,0213,SEFAZ/MG
5,0219,SEFAZ/ES
5,0220,DETRAN/AM
5,0221,DAEPROMAT/MG
5,0223,JUCEPE/PE
5,0224,SEFAZ/BA
5,0225,SEFAZ/ES
5,0232,SEFAZ/PR
5,0239,FGTS-GRRF
5,0240,GRDE
5,0243,SEFAZ PE FECEP
5,0250,SEFAZ/GO
5,0253,SER IPVA
5,0254,GRU-GUIA RECOLHIM. UNIAO
5,0256,SEFAZ/ES
5,0257,SEFAZ - SE
5,0258,CORPO BOMBEIROS/ RJ
5,0260,SEFAZ/PB
5,0268,SEFAZ/PI
5,0270,GPS
5,0271,SEFAZ/BA
5,0272,DETRAN BAHIA/BA
5,0278,SEFAZ/RJ
5,0280,STN - GRU JUDICIAL
5,0289,AMAZONPREV/AM
5,0291,GNRE ONLINE/AL
5,0292,GNRE ON LINE/AP
5,0293,GNRE ONLINE/AM
5,0294,SEFAZ/BA
5,0295,SEFAZ/CE
5,0297,GNRE ONLINE/GO
5,0298,SEFAZ
5,0299,GNRE ONLINE/MA
5,0300,GNRE ONLINE/MT
5,0301,SEFAZ/MS
5,0302,GNRE/MG
5,0303,GNRE PARA
5,0304,GNRE ONLINE/PB
5,0306,GNRE ONLINE/PE
5,0307,GNRE ONLINE/PI
5,0310,GNRE ONLINE/RS
5,0311,GNRE ONLINE RO
5,0312,SEFAZ/RR
5,0315,GNRE ONLINE/SE
5,0316,GNRE ON LINE/TO
5,0324,GRI/RN
5,0328,SIMPLES NACIONA
5,0332,SEFAZ/MA
5,0333,SEFAZ - BA - DAE
5,0341,DETRAN/BA
5,0342,DETRAN-BA TAXA LICENCIAME
5,0359,SEFAZ/RJ
5,0363,GRU-GUIA RECOL.UNIAO(REF)
5,0366,TJPE ARREC EXTRAJUDICIAL
5,0382,TRIBUNAL JUSTIÇA-FUNJURIS
5,0385,DARF
5,0403,FUNDEMA BA
5,0408,FUNDEMA BA
5,0409,DAJE/BA
5,0418,FAEL PB
5,0422,JUCEP
5,0423,FUNESBOM
5,0425,FEPAMA
5,0428,SEFAZ/SP
5,0432,DOC.AR ESOCIAL
5,0444,SEFAZ/RJ
5,0449,FUNDAGRO TAXAS
5,0451,CEF
5,0463,SEFAZ/AP
5,0464,SEFAZ/AP
5,0465,SEFAZ/AP
5,0466,SEFAZ/RJ
5,0474,JUCEPAR TAXAS
5,0476,TAXAS BOMBEIROS
5,0484,SETEC/SP
5,0489,SEFAZ/SP
5,0494,SEFAZ/RN
5,0514,FUNDO MEIO AMB/SP
5,0515,DETRAN/RS
5,0516,REC JUCERR
5,0517,CUSTAS JUDICIAIS FERJ
5,0519,PBH ATIVOS/MG
5,0562,FUNDO D CIVIL/SC
5,0563,F AMB TIMBO/SC
5,0564,F TRAN TIMB0/SC
5,0567,F.MUN.ESPORTES/SC
5,0582,TRANSALVADOR/BA
5,0589,BHTRANS AS/MG
5,0607,FMDDD DE TIMBO/SC
5,0608,FUND CULT TIMBO/SC
5,0613,SEFAZ/GO
5,0628,GEPLAN/GASS/MA
5,0630,CBMERJ DATI
5,0689,SEFAZ/RJ
5,0767,PM CONTAGEM/MG
5,0821,PROC DE VITORIA/ES
5,16118,DETRAN PR 2
5,16119,DETRAN PR 3
5,9000,GOVERNO DISTRITO FEDERAL 2
5,9912,DETRAN DF
5,9912071,DETRAN DF 4
5,9912241,DETRAN DF 3
5,9912301,DETRAN DF 2
6,0011,"MONTREAL - HOTÉIS, LAZER E TURISMO - DF"
6,0021,BAU DA FELICIDADE - BF UTILID DOMEST
6,0030,PREFEITURA GOIANIA FAC
6,0161,PREFEITURA MUN GOIANIA GO
6,0397,JUNTA COMERCIAL - MS
6,0823,JUNTA COMERCIAL - RN
6,0853,PROC GERAL DE JUSTI?A
6,0854,TRIBUNAL DE JUSTIÇA - RN
6,0924,DPVAT  SEGURADORA LIDER
6,1122809,DAWLOG LOGISTIC
6,12209540,IDEM/CE
6,1357,JUNTA COMERCIAL DO ESTADO
6,1371416,SMTV/PR
6,1416,SERCOMTEL MARINGA TV - SMTV
6,1452,CONVENIO - VIRACOPOS
6,14522178,VIRACOPOS/SP
6,1468,URBS BILHETAGEM ELETRONIC
6,14732425,RC S MEDICO/AM
6,1557,AEROPORTO
6,15578569,AEROP GUARULHOS
6,1588,DETRAN TAXAS
6,1612092,PM GOIANIA/GO
6,1716,COHAB-MG
6,17161837,COHAB/MG
6,17994363,CLIN TRANSITO
6,18206900,PLACAS AMAZONAS
6,1845651,W.S.S.LTDA/CE
6,18683536,CEPSITRAN
6,18694114,CLIN PSICOMED
6,18725627,Z M G GOULART
6,1935819,DETRAN RS
6,19674909,AEROP CONFINS
6,19726111,AEROP R JANEIRO
6,20730887,CLINIMAZ AM
6,2092,PREFEITURA GOIANIA TESOURO
6,21205114,CLINTRAN
6,21219096,CLIMET AM
6,21539163,ESPLANADA BA
6,21965425,FUNDEPEC AM
6,2246,ALIANÇA VISTORIA E CERTIFICAÇÃO AUTOMOTIVA-TO
6,23407907,MEDPSI AYRAO AM
6,24620316,PAC LOGISTICA
6,25072428,CLIN MED PSICO
6,26002276,COSTA E SOUZA
6,2675,CONV?NIO DETRAN/TO
6,26752857,DETRAN/TO
6,27117557,CLINICA DO C AM
6,27406222,DACASA FINAN/ES
6,2751613,DIPIM
6,2751940,CLINICA MAGNUS
6,27804999,A L CLIN PSICOL
6,27844178,AER INT FLORIAN
6,27950582,CONC AEROP SALV
6,28521870,FUNDERJ
6,2853,RJ-GRERJ ELETRONICA
6,28538734,TJRJ
6,28547986,HAB AMAZON
6,2857,DEPART EST TRANS ESTADO DE TOCANTINS - DETRAN TO
6,28715167,LIESA RJ
6,28856796,CLIN PSICO PSIC
6,28930249,CLINILESTE
6,29270716,CLIN LEONES E G
6,30076119,CT-AM CLIN TRAN
6,30364074,DANTAS VASC CMP
6,30534385,AMETRAN AM
6,30708307,MILLECLIN AM
6,30797061,PSITRAN AM
6,30935544,MEDCTRAN
6,31278276,NERITRAN AM
6,3140527,RUMOS LTDA/CE
6,3214501,PM GOIANIA/GO
6,32286515,PORTO SECO AM
6,33113309,VALID/MA
6,3352,PREFEITURA GOIANIA FMS
6,3363,PREFEITURA GOIANIA FMHIS
6,33794298,SUCOM/BA
6,34544189,SINDESDAM AM
6,3514896,THOMAS GREG MA
6,352294,INFRAERO
6,355025,MEGA SEGUROS
6,3556039,DRIVER CENTER
6,37623352,PM GOIANIA/GO
6,3796,DEPART ESTADUAL DE TRANSITO - DETRAN RO - TAXAS
6,3893,DPVAT - SEGURO OBRIGATORIO
6,4231205,JUCEA/AM
6,4355863,SUHAB/AM
6,4501,COHAB - BAURU
6,4624888,IPAAM
6,4693860,CLIMETRAN/AM
6,4770620,CLIMEP/AM
6,4770786,CLINITRAN/AM
6,4775712,MEDITRAN/AM
6,4776104,CL.MOTORISTA/AM
6,4895751,Y YAMADA CM IND
6,5055025,PM BELEM/PA
6,5117,TJSP - CUSTAS FEDTJ
6,5425,FUNDO DE DEFESA AGROPECUÁRIA DO ESTADO DO AMAZONAS
6,555705,CEMEPSI/AM
6,561850,CLIMEPSI/AM
6,5780030,PM GOIANIA/GO
6,6522265,PONTA NEGRA AM
6,7040108,CAGECE/CE
6,7302,PREFEITURA GOIANIA AMMA
6,7605850,DETRAN MARAC/CE
6,7775840,TUBARON
6,7831630,AK A MEDICAS
6,7847379,PM ACOPIARA CE
6,7974,PREFEITURA GOIANIA FMDU
6,8227109,CENTRO BETEL
6,8608,DPVAT - SEGURO OBRIGATÓRIO
6,87334918,PM V.AIRES/RS
6,87547444,TACCHIMED/RS
6,8763363,PM GOIANIA/GO
6,88733811,GADM FAMURS/RS
6,8957302,PM GOIANIA-FMMA
6,9248608,DPVAT
6,9275,EMPRESA JORNALISTICA
6,92757798,CALDAS JUNIOR
6,9280442,JUCERJA/RJ
6,937974,PM GOIANIA/GO
6,9702,DETRAN MT - LICENCIAMENTO
7,0000,P.M.S.P
7,0006,MAPFRE SEGURADORA S/A
7,0007,MAPFRE VIDA I
7,0009,LIBERTY SEGUROS
7,0010,MAPFRE VIDA II
7,0014,ZURICH MINAS BRASIL
7,0015,FIPECQ PREVI - DF
7,0016,INDIANA SEGUROS
7,0017,HDI SEGUROS
7,0018,UNIMED CLUBE SEGUROS
7,0019,METLIFE SEGUROS
7,0020,PORTO SEGURO SEGURADORA
7,0026,PORTO SEGURO VIDA E PREVIDÊNCIA
7,0027,FIPECQ VIDA - CAIXA DE ASSISTÊNCIA SOCIAL-DF
7,0029,EQUATORIAL PREVIDENCIA COMPLEMENTAR-GO
7,0031,CENTAURO VIDA E PREVIDÊNCIA - PR
7,0032,CAPEMISA SEGURADORA DE VIDA E PREVIDENCIA
7,0033,FIPECQ VIDA - CAIXA DE ASSISTÊNCIA SOCIAL-DF
7,0034,FIPECQ VIDA - CAIXA DE ASSINTÊNCIA SOCIAL-DF
7,0035,FIPECQ VIDA - CAIXA DE ASSINTÊNCIA SOCIAL-DF
7,0036,FIPECQ VIDA - CAIXA DE ASSISTÊNCIA SOCIAL-DF
7,0039,ALLIANZ SEGUROS
7,0040,PETROS - FUNDAÇÃO PETROBRAS DE SEGUR SOCIAL - RJ
7,0041,JUSPREV - MPJ
7,0044,MONGERAL SEGUROS E PREVIDÊNCIA - II
7,0045,VIDA SEGURADORA
7,0048,MARITIMA SEGUROS
7,0051,AZUL CIA DE SEGUROS GERAIS
7,0052,SICOOB PREV MULTI INSTITUIDO
7,0054,UNIMED SC
7,0056,SICOOBPREVI MULTI PATROCINADO
7,0061,ALIANÇA ADMINISTRADORA DE BENEFICIOS DE SAUDE - GO
7,0062,PM - AGUAS DE LINDOIA - MULTAS
7,0063,UNIMED SEGURADORA - RF 100
7,0064,UNIMED SEGURADORA - RV 15
7,0065,UNIMED SEGURADORA - RV 20
7,0070,ARC VIDA OURO SEGUROS - CLASSIC
7,0071,MAPFRE SEGURADORA GARANTIA E CREDITO
7,0072,MAPFRE RISCOS ESPECIAIS SEGURADORA
7,0076,SULAMERICA CIA NACIONAL DE SEGUROS
7,0079,SULAMERICA ODONTOLÓGICO
7,0081,MAPFRE VERA CRUZ VIDA E PREVIDENCIA
7,0082,MAPFRE MARES RISCOS ESPECIAIS
7,0084,PMAL - MULTAS DE TRANSITO
7,0085,TOKIO MARINE SEGURADORA - C1NOR
7,0088,TOKIO MARINE SEGURADORA - C3REN
7,0097,ALFA SEGURADORA-SP
7,0100,P M A MULTAS DE TRANSITO
7,0101,UNIMED CRICIÚMA SC
7,0111,MAPFRE SEGUROS GERAIS S.A
7,0121,UNIMED SEGUROS PATRIMONIAIS S.A SP
7,0122,SEGURADORA ITAU SEGUROS DE AUTO E RESIDENCIA S/A
7,0123,UNIMED SEGURADORA S.A
7,0127,SANCOR SEGUROS DO BRASIL SA - REPIQUE
7,0131,EQUATORIAL NEGÓCIOS INTELIGENTES-GO
7,0141,MONGERAL REPIQUE
7,0142,MAPFRE SEGUROS GERAIS II
7,0148,MONGERAL AEGON FUNDO DE PENSAO
7,0163,SICOOB PREVI MULTI INSTITUIDO REPIQUE
7,0172,SICOOB SEGURADORA VI
7,0173,SICOOB SEGURADORA VG
7,0211,SANCOR SEGUROS DO BRASIL SA
7,0268,PREF MUN ARACATUBA - FUNS
7,0482,PM BARRETOS
7,0521,BHTRANS/BH
7,0545,ECOS BETIM MG
7,0661,DETRAN DF RENAINF
7,0793,PM CAJAMAR SP
7,0844,STTP/PB
7,0872,PMCM ARRECADACAO
7,1061,AMT - MULTAS DE TRANSITO
7,1194,CONSEL LAFAIETE
7,1199,Multa de Transito Convenio 1199
7,1305,SECRETÁRIA DE MOBILIDADE URBANA - CUIABÁ
7,1605,AMC MULTAS TRANSITO
7,1703,PM - GOVERNADOR VALADARES
7,1770,PM GUARAREMA
7,1782,PM GUARULHOS SP
7,2012,PREF MUNICIPAL DE ITABIRA
7,2080,PM ITAP SERRA
7,2088,PMI MULTAS TRANSITO
7,2113,PM ITAQUA SP
7,2126,PM ITATIBA
7,2152,PM - ITUIUTABA
7,2285,PREFEITURA DE JOÃO MONLEVADE MG - MULTAS
7,2314,PJF - MULTAS
7,2506,PM DE MAIRIPORA
7,2524,DETRAN - AM
7,2581,PM MARIANA MG
7,2720,PM MOGI GUACU
7,2769,PM MOC MULTAS DE TRANSITO
7,2833,MULTAS 2
7,3011,OSASCO DENATRAN
7,3027,PM - OURO PRETO - MULTAS
7,3066,PMP INFRA??O DE TRANSITO
7,3165,PMP MULTAS TRANSITO
7,3266,PM PERUIBE
7,3327,PM PIRACICABA
7,3394,PMPC MULTAS DE TRANSITO
7,3415,PM PONTE NOVA
7,3627,TRANSNEVES/MG
7,3659,PMRJ
7,3738,PM - SABARÁ - MULTAS
7,3752,SALESOPOLIS SP
7,3776,TRANSALVADOR ARRECADA??O
7,3846,PREFEITURA MUNICIPAL MULT
7,4006,PM - SÃO CARLOS - MULTAS
7,4073,S.J.BOA VISTA
7,4086,MULTAS DE TRANSITO
7,4355,PMSL - MULTAS DE TRANSITO
7,4404,PM SOROCABA SP
7,4418,PM SUZANO SP
7,4424,PM - TABOÃO DA SERRA - MULTAS
7,4491,PM TAUBATE SP
7,4510,P TEOFILO OTONI
7,4514,STRANS - CODIGO DE BARRAS
7,4692,PM - VALINHOS - MULTAS
7,4739,PM - VESPASIANO
7,4797,MULTAS FUNSET
7,5803,DETRAN AC MULTAS TRANSITO
7,5807,DETRAN/AM
7,5827,DENATRAN/MG
7,5828,D.E.R/MG
7,5837,DETRAN PI MULTA
7,5841,MULTAS DE TRÂNSITO 5841
7,5845,MULTAS DETRAN
7,5847,DETRAN RORAIMA-RENAINF
7,5867,SEFAZ TAXAS DE TRANSITO
7,5886,SEFAZ/SP
7,5923,DETRAN BA - MULTA RENAINF
7,5924,DETRAN BA - MULTA DETRAN
7,5925,DETRAN BA - MULTA CONVENIO
7,5927,SEFAZ SP RENAIN
7,9999,DENATRAN
9,0082,SEFAZ/CE
9,0699,SEFAZ/CE
